{
  "jupiter": [5.20248694905588, 0.0485297168900364, 0.0227233885053594, 1.75663898052913, 4.78207685377088, 0.349408491032939, 126686000],
  "mars": [1.52366671149562, 0.0934224923422343, 0.0322806834682281, 0.867518162211512, 5.00397533746174, 0.338386302878959, 42828],
  "saturn": [9.55461100197208, 0.0554795965107381, 0.0434207873055228, 1.98671956552875, 5.92717839175283, -0.750191775637333, 37931000],
  "neptune": [30.1091414337448, 0.00900457986515467, 0.0308549209692363, 2.30368058209239, 4.82468694436874, -1.81179245747000, 6835100],
  "pluto": [39.4811248133690, 0.244670000000000, 0.299340000000000, 1.92470000000000, 1.98570000000000, 0.262165906942068, 830],
  "uranus": [19.2178664575252, 0.0463128371185183, 0.0134960209798182, 1.29282057186950, 1.73214581236400, 2.46140313551986, 5794000]
}